Date,Product,Category,Quantity,Price,Customer_ID,Region
2023-01-01,Laptop,Electronics,1,1000.0,101,North
2023-01-02,Mouse,Accessories,2,20.0,102,South
2023-01-03,Keyboard,Accessories,1,50.0,103,East
2023-01-03,Laptop,Electronics,1,1000.0,101,North
2023-01-04,Monitor,Electronics,1,200.0,104,West
2023-01-05,Mouse,Accessories,3,20.0,102,South
2023-01-06,Keyboard,Accessories,2,50.0,103,East
2023-01-07,Monitor,Electronics,1,200.0,104,West
2023-01-08,Laptop,Electronics,1,1000.0,101,North
2023-01-09,Mouse,Accessories,4,20.0,102,South
